日期,Close,Open,High,Low,Volume,涨跌幅,涨跌情况（1为涨、0为跌）
2022/9/26,162.11,158,163.99,157.77,21.04,1.87%,1
2022/9/27,170.83,163.93,171.4,161.99,35.44,5.38%,1
2022/9/28,169.6,170.55,172.54,169.5,24.43,-0.72%,0
2022/9/29,168.51,172.49,172.52,167.55,17.56,-0.64%,0
2022/9/30,169.23,169.89,172,168.86,16.7,0.43%,1
2022/10/10,158.9,169.5,170.1,158.69,25.65,-6.10%,0
2022/10/11,158.59,158.91,160.01,154.9,16.39,-0.20%,0
2022/10/12,156.6,158.3,158.3,152,24.24,-1.25%,0
2022/10/13,153.57,154.99,155.68,152.51,19.14,-1.93%,0
2022/10/14,159.12,154.58,160.3,154.57,22.87,3.61%,1
2022/10/17,157.65,157.68,158.5,155.29,14.67,-0.92%,0
2022/10/18,158.7,158.68,160.98,158.02,13.97,0.67%,1
2022/10/19,154.5,158.51,158.51,154,17.39,-2.65%,0
2022/10/20,154.15,152.5,156.8,152,16.12,-0.23%,0
2022/10/21,152.15,154,154.13,151.5,16.32,-1.30%,0
2022/10/24,143.23,150.01,150.41,142.25,34.4,-5.86%,0
2022/10/25,142.12,140.75,145.27,140.51,20.96,-0.77%,0
2022/10/26,143.4,142.9,145.9,142,17.96,0.90%,1
2022/10/27,137.1,144.98,145.07,136.58,36.97,-4.39%,0
2022/10/28,137.5,137.56,139.97,136.17,25.59,0.29%,1
2022/10/31,133.5,135.2,136.4,132.33,22.59,-2.91%,0
2022/11/1,142.58,135.55,142.58,133.41,39.16,6.80%,1
2022/11/2,143.62,142,146.38,140.06,31.87,0.73%,1
2022/11/3,140.92,141.01,141.5,139.71,19.28,-1.88%,0
2022/11/4,150,140.5,152,140.35,47.9,6.44%,1
2022/11/7,151.14,149,152.7,147.68,22.87,0.76%,1
2022/11/8,147.49,151.01,152.27,146.11,23.57,-2.41%,0
2022/11/9,145.4,147.2,149.05,145.08,15.12,-1.42%,0
2022/11/10,145.76,144.49,146.56,143.71,17.67,0.25%,1
2022/11/11,150.02,151.49,151.5,146.54,36.85,2.92%,1
2022/11/14,150.3,151,155.41,149.9,28.2,0.19%,1
2022/11/15,154.15,150.3,155,148.42,27.66,2.56%,1
2022/11/16,154.21,154.15,156.5,153.08,18.26,0.04%,1
2022/11/17,152.6,153.5,155.79,151,16.56,-1.04%,0
2022/11/18,153.61,153,155.3,152.71,14.59,0.66%,1
2022/11/21,148.93,150.5,150.97,148,21.76,-3.05%,0
2022/11/22,150.23,148.92,152.9,148.81,14.38,0.87%,1
2022/11/23,149.77,150.23,151.5,148.9,11.35,-0.31%,0
2022/11/24,147.81,151,151.49,147,15.09,-1.31%,0
2022/11/25,147.38,147.93,148.93,146.4,10.68,-0.29%,0
2022/11/28,147.65,144.83,148.01,142.05,19.01,0.18%,1
2022/11/29,155.05,149.92,155.15,149.9,41.04,5.01%,1
2022/11/30,156.86,154.8,159.97,154,25.23,1.17%,1
2022/12/1,164.59,165,169.99,163.86,44.09,4.93%,1
2022/12/2,163.06,164.8,166.88,162.26,21.05,-0.93%,0
2022/12/5,168.51,168.88,169.98,165.68,29.8,3.34%,1
2022/12/6,175.4,167.97,178.22,167.1,43.37,4.09%,1
2022/12/7,173.68,175.41,177.8,173.01,31.13,-0.98%,0
2022/12/8,174.76,173,175.55,172.01,15.64,0.62%,1
2022/12/9,183.27,174.63,183.47,174.12,41.96,4.87%,1
2022/12/12,178.35,182,183.38,177.91,29.91,-2.68%,0
2022/12/13,179.47,178,180.9,176.02,19.28,0.63%,1
2022/12/14,184.08,179.45,185.27,178.36,28.7,2.57%,1
2022/12/15,181.96,184.2,185.8,180.77,19.93,-1.15%,0
2022/12/16,182.52,180.22,183.08,178.66,18.64,0.31%,1
2022/12/19,179.95,183.5,184.71,179,19.42,-1.41%,0
2022/12/20,172.51,179.94,180.5,169.88,34.35,-4.13%,0
2022/12/21,174.49,175,175.67,173.55,15.39,1.15%,1
2022/12/22,179.5,176.03,181.55,174.67,24.44,2.87%,1
2022/12/23,180.29,177,183,176.4,19.86,0.44%,1
2022/12/26,178.6,180.29,181.2,177.56,17.83,-0.94%,0
2022/12/27,181.05,180,182.5,179.15,15.23,1.37%,1
2022/12/28,180.18,180.99,180.99,177.88,13.94,-0.48%,0
2022/12/29,178.75,179,180,176.74,16.85,-0.79%,0
2022/12/30,180.69,179.78,181.19,179,14.98,1.09%,1
2023/1/3,178.2,181,181.81,176.51,18.21,-1.38%,0
2023/1/4,178.62,178,180.5,176.3,12.88,0.24%,1
2023/1/5,189,181.5,189.51,180.4,40.28,5.81%,1
2023/1/6,190.46,191.11,191.11,187.78,23.34,0.77%,1
2023/1/9,195.88,192.45,196.89,190.16,27.56,2.85%,1
2023/1/10,195.24,195.8,196.71,194.61,20.28,-0.33%,0
2023/1/11,194.1,195.04,195.99,192.6,17,-0.58%,0
2023/1/12,193.39,195,195.77,192.01,13.82,-0.37%,0
2023/1/13,198.58,193.39,199.41,193.34,24.51,2.68%,1
2023/1/16,206.52,200,209.27,200,36.35,4.00%,1
2023/1/17,202.86,207,207.78,201.61,21.51,-1.77%,0
2023/1/18,205.8,204.93,211.79,204.32,27.24,1.45%,1
2023/1/19,205.3,206.45,206.5,202.35,18.12,-0.24%,0
2023/1/20,208.72,207.89,212,207.1,27.35,1.67%,1
2023/1/30,217.6,218.59,219.89,214.28,32.18,4.25%,1
2023/1/31,209,216.99,217.77,208.9,25.72,-3.95%,0
2023/2/1,210.06,208.5,210.6,203.76,25.66,0.51%,1
2023/2/2,212.51,211.69,214.5,210.15,18.33,1.17%,1
2023/2/3,210,210,212,206,19.94,-1.18%,0
2023/2/6,201.7,199.53,204.53,197.28,33.41,-3.95%,0
2023/2/7,203.17,201.7,205.3,201.5,15.81,0.73%,1
2023/2/8,199.55,203.17,204,198.22,16.91,-1.78%,0
2023/2/9,207.39,199.66,207.74,199.55,24.49,3.93%,1
2023/2/10,204.7,207.39,207.48,203.12,14.03,-1.30%,0
2023/2/13,212.4,203,214.9,202.99,28.91,3.76%,1
2023/2/14,209.24,212.4,213.75,208.6,18.49,-1.49%,0
2023/2/15,211,211.59,213.89,209.5,16.93,0.84%,1
2023/2/16,210.79,209.35,214.68,207.8,21.34,-0.10%,0
2023/2/17,208.15,209.45,214.45,208,18.45,-1.25%,0
2023/2/20,212.95,208.2,213.8,205.5,19.17,2.31%,1
2023/2/21,210.08,212.5,212.62,208.5,13.94,-1.35%,0
2023/2/22,207.5,208.45,210.54,206.5,14.1,-1.23%,0
2023/2/23,205.1,206.5,208.22,203.7,14.58,-1.16%,0
2023/2/24,201.1,205.07,205.07,199.82,20.4,-1.95%,0
2023/2/27,204.81,199.06,206.23,198.84,17.3,1.84%,1
2023/2/28,204.42,207,208.06,202.08,11.48,-0.19%,0
2023/3/1,207.38,204.17,208.85,202.9,15.45,1.45%,1
2023/3/2,206.24,206.1,207.61,205.36,7.45,-0.55%,0
2023/3/3,205.76,208,209.46,203.5,9.28,-0.23%,0
2023/3/6,204.58,205.01,206.5,202.58,11.14,-0.57%,0
2023/3/7,200.45,204.35,204.35,200.11,12.53,-2.02%,0
2023/3/8,199.3,199,201.5,198,10.22,-0.57%,0
2023/3/9,198,199,199.7,193.9,16.85,-0.65%,0
2023/3/10,195.24,196.21,199.58,195.17,11.1,-1.39%,0
2023/3/13,198.6,195,200.28,195,12.65,1.72%,1
2023/3/14,195.28,198.7,198.72,193.7,10.28,-1.67%,0
2023/3/15,192.32,198,199.33,192.3,12.99,-1.52%,0
2023/3/16,191.2,191,194.2,189.33,12.05,-0.58%,0
2023/3/17,188.5,193.85,194.24,188,15.61,-1.41%,0
2023/3/20,185.9,190,190.59,185,15.46,-1.38%,0
2023/3/21,192.24,187.4,193.11,185.22,18.79,3.41%,1
2023/3/22,191.77,192.25,196.08,191.42,10.85,-0.24%,0
2023/3/23,194.58,190.9,195.99,190.06,13.28,1.47%,1
2023/3/24,193.02,194,195.95,191.5,10.25,-0.80%,0
2023/3/27,190.41,192.81,192.84,189,11.88,-1.35%,0
2023/3/28,192.5,190.39,193.91,190.21,10.92,1.10%,1
2023/3/29,195.28,194,196,191.6,15.95,1.44%,1
2023/3/30,198.39,195.28,198.96,194.18,15.15,1.59%,1
2023/3/31,197,201,202,197,12.76,-0.70%,0
2023/4/3,195.19,196.98,197,193.08,13.37,-0.92%,0
2023/4/4,196.15,195.5,196.66,192.95,14.25,0.49%,1
2023/4/6,190.54,195,195,189.07,15.11,-2.86%,0
2023/4/7,189.06,189.8,191.83,187.54,11.3,-0.78%,0
2023/4/10,184.65,185,185.02,178.2,33.97,-2.33%,0
2023/4/11,180.53,183.97,184.15,180.01,19.12,-2.23%,0
2023/4/12,175.82,181,181.11,175.55,27.28,-2.61%,0
2023/4/13,177.88,176,179.9,175.55,21.08,1.17%,1
2023/4/14,175.59,178.22,178.5,175.03,14.47,-1.29%,0
2023/4/17,178.18,176.79,179.92,176.49,18.56,1.48%,1
2023/4/18,178.32,179,180.17,177.58,14.41,0.08%,1
2023/4/19,176.29,178.67,178.96,175.5,12.62,-1.14%,0
2023/4/20,173.5,176.34,176.98,172.5,14.8,-1.58%,0
2023/4/21,172,174,175.3,171.8,12.09,-0.86%,0
2023/4/24,168,172.1,172.9,167.5,17.61,-2.33%,0
2023/4/25,169.8,168,169.88,165.65,15.49,1.07%,1
2023/4/26,168.61,169.1,171.18,167.58,14.81,-0.70%,0
2023/4/27,169.17,168.6,170.3,166.4,15.04,0.33%,1
2023/4/28,169,171.26,171.95,167.88,17.94,-0.10%,0
2023/5/4,168.95,172.5,172.95,167.45,26.59,-0.03%,0
2023/5/5,173.71,168.95,174.1,168.25,25.17,2.82%,1
2023/5/8,171.4,174.5,175.5,170.79,17.75,-1.33%,0
2023/5/9,174.77,170.83,177.5,170,22.29,1.97%,1
2023/5/10,173.32,172.8,174.5,171.59,11.89,-0.83%,0
2023/5/11,172.57,173.98,176.49,172.21,12.29,-0.43%,0
2023/5/12,169.37,172.2,174.5,169.36,12.96,-1.85%,0
2023/5/15,172.44,168.25,172.49,168.03,13.08,1.81%,1
2023/5/16,170.49,172.3,172.36,169.8,9.94,-1.13%,0
2023/5/17,169.34,170,170.9,168.75,8.6,-0.67%,0
2023/5/18,168.66,169.49,170.71,168,8.78,-0.40%,0
2023/5/19,170.8,168.09,171.26,166.75,12.07,1.27%,1
2023/5/22,177.61,170.89,179.06,169.08,30.24,3.99%,1
2023/5/23,174,177.8,178.5,174,13.67,-2.03%,0
2023/5/24,170.35,173.52,173.98,170.35,13.36,-2.10%,0
2023/5/25,168.2,169.42,169.68,167.45,14.39,-1.26%,0
2023/5/26,170.1,168.2,171.89,168,12.29,1.13%,1
2023/5/29,168.26,170.94,171.85,167.58,12.98,-1.08%,0
2023/5/30,165.17,168,169.45,163.5,18.36,-1.84%,0
2023/5/31,161.18,165,165.13,160.02,21.34,-2.42%,0
2023/6/1,163.32,162.49,166.6,161.2,16.9,1.33%,1
2023/6/2,167.9,165,168.4,163.33,19.21,2.80%,1
2023/6/5,165.2,167.28,167.68,164.63,11.34,-1.61%,0
2023/6/6,165.62,166.3,168.43,164.53,13.54,0.25%,1
2023/6/7,164,166.15,167.05,164,9.53,-0.98%,0
2023/6/8,164.82,164.21,166.07,163.02,9.16,0.50%,1
2023/6/9,164.59,164.94,165.98,163.8,11.96,-0.14%,0
2023/6/12,170.41,164.02,172,162.94,24.18,3.54%,1
2023/6/13,173.08,170,173.9,169.41,18.29,1.57%,1
2023/6/14,177.68,174.8,179.35,172.66,24.1,2.66%,1
2023/6/15,182,179.21,182.82,178,24.05,2.43%,1
2023/6/16,184.08,182.6,185.6,181.5,21.63,1.14%,1
2023/6/19,177.54,183,183.71,176.5,24.23,-3.55%,0
2023/6/20,174.01,177,178.4,173.6,17.87,-1.99%,0
2023/6/21,171.4,173.99,174.89,171.2,13.95,-1.50%,0
2023/6/26,166.66,169.5,169.89,165,21.93,-2.77%,0
2023/6/27,166.12,164.17,166.5,162.2,20.07,-0.32%,0
2023/6/28,166.67,165.23,168.6,164.38,11.94,0.33%,1
2023/6/29,163.81,166,166.5,163.27,11.77,-1.72%,0
2023/6/30,163.57,164.7,165.1,162.8,10.34,-0.15%,0
2023/7/3,167.36,163.27,167.49,162.85,17.34,2.32%,1
2023/7/4,168.22,167,168.5,165.55,12.6,0.51%,1
2023/7/5,165.38,167.52,167.6,165,11.54,-1.69%,0
2023/7/6,164.3,165.3,166.81,163.85,10.14,-0.65%,0
2023/7/7,163.66,164.19,165,163.32,7.9,-0.39%,0
2023/7/10,164.6,164.98,166.5,164.21,9.67,0.57%,1
2023/7/11,165.14,165.45,165.76,163.88,7.02,0.33%,1
2023/7/12,165.46,165.2,166.66,165,11.88,0.19%,1
2023/7/13,172.65,167.88,173,166.65,32.35,4.35%,1
2023/7/14,171.99,173.6,174.33,170.79,15.07,-0.38%,0
2023/7/17,169.66,170.5,170.98,168.16,9.33,-1.35%,0
2023/7/18,168.4,169.7,170.23,168,8.2,-0.74%,0
2023/7/19,168.32,167.82,168.76,166.81,7.69,-0.05%,0
2023/7/20,168.56,169,171.28,168.08,12.75,0.14%,1
2023/7/21,171.27,169.88,174,167.88,19.54,1.61%,1
2023/7/24,169.36,169.13,170,167.9,13.17,-1.12%,0
2023/7/25,179.5,176,180.67,175.17,44.06,5.99%,1
2023/7/26,177.8,179.5,180.68,176.85,17.4,-0.95%,0
2023/7/27,178.46,178.97,180.85,176.85,18.8,0.37%,1
2023/7/28,181.18,177.3,182.16,176.63,31.97,1.52%,1
2023/7/31,181,186.6,188.57,180.98,31.56,-0.10%,0
2023/8/1,179.88,181.69,184.15,178.5,19.57,-0.62%,0
2023/8/2,177.98,179,180.99,177.2,15.51,-1.06%,0
2023/8/3,178.6,177.04,179.96,175.13,15.26,0.35%,1
2023/8/4,179.28,181.39,182.5,178.7,14.35,0.38%,1
2023/8/7,177.31,178.3,179.28,176.4,15.69,-1.10%,0
2023/8/8,176.88,176.18,178.06,175.18,11.61,-0.24%,0
2023/8/9,177.18,177.46,177.88,176.1,8.68,0.17%,1
2023/8/10,176.31,176.88,177,174.66,10.42,-0.49%,0
2023/8/11,172.36,177.46,177.55,172.27,14.89,-2.24%,0
2023/8/14,168.62,170,170.33,166,21.09,-2.17%,0
2023/8/15,166.5,168.61,168.9,165.69,16.81,-1.26%,0
2023/8/16,166.7,166.28,167.4,165.2,11.63,0.12%,1
2023/8/17,168.44,165.9,168.61,164.5,16.69,1.04%,1
2023/8/18,163.53,168.42,168.68,163.5,27.95,-2.91%,0
2023/8/21,161.97,162.18,164.36,161.38,16.45,-0.95%,0
2023/8/22,162.15,162.62,163.5,160.48,15.69,0.11%,1
2023/8/23,160.01,162.05,162.14,160,14.68,-1.32%,0
2023/8/24,162.26,160.08,163.5,159.21,17.59,1.41%,1
2023/8/25,161.55,161.02,162.77,160.55,11.63,-0.44%,0
2023/8/28,157.49,168.01,168.99,157.01,54.58,-2.51%,0
2023/8/29,159.4,156,160.1,155.33,23.87,1.21%,1
2023/8/30,157.82,159.4,160.12,157.6,22.6,-0.99%,0
2023/8/31,155.91,157.82,157.83,155.83,22,-1.21%,0
2023/9/1,159.74,157,159.96,157,23.24,2.46%,1
2023/9/4,167.93,161.6,168,161.6,46.5,5.13%,1
2023/9/5,165.72,167.8,168.23,165.24,19.06,-1.32%,0
2023/9/6,165.69,165.06,166.45,164,13.05,-0.02%,0
2023/9/7,163.1,165,165.17,162.9,11.89,-1.56%,0
2023/9/8,161.92,162.26,162.7,160.5,10.5,-0.72%,0
2023/9/11,164.35,161,165.31,160.15,16.07,1.50%,1
2023/9/12,162.98,163.4,164.06,162.61,8.94,-0.83%,0
2023/9/13,163.65,164,165.39,162.45,13.11,0.41%,1
2023/9/14,162,163.65,164.23,161.03,13.05,-1.01%,0
2023/9/15,159.71,162.07,163.04,159.3,17.76,-1.41%,0
2023/9/18,162.8,159,163.01,158.01,16.3,1.93%,1
2023/9/19,160.91,162.01,162.2,159.5,11.37,-1.16%,0
2023/9/20,159.84,160.2,161,159.7,8.71,-0.66%,0
2023/9/21,157.66,159,159.5,157.52,12.95,-1.36%,0
2023/9/22,159.92,157,160.31,156.7,15.43,1.43%,1
2023/9/25,158.9,159.76,159.88,158.6,10.54,-0.64%,0
2023/9/26,156.65,158.88,159.47,156.65,12.5,-1.42%,0
2023/9/27,156.59,156.66,158.65,156,13.28,-0.04%,0
2023/9/28,156.1,156.59,157.38,155.68,12.39,-0.31%,0
2023/10/9,154.27,156.09,156.09,151.8,15.36,-1.17%,0
2023/10/10,153.41,155.49,156.58,153.06,12.72,-0.56%,0
2023/10/11,153.7,154.57,155.23,153.36,9.91,0.19%,1
2023/10/12,155.73,155.25,156,154.21,13.8,1.32%,1
2023/10/13,153.63,154.5,154.5,152.01,14.29,-1.35%,0
2023/10/16,150.14,153.08,153.4,149.71,15.24,-2.27%,0
2023/10/17,150.41,150.14,151.24,148.56,10.72,0.18%,1
2023/10/18,149.24,149.98,151.32,149.18,10.11,-0.78%,0
2023/10/19,144.25,148,148,143.96,21.74,-3.34%,0
2023/10/20,143.7,143,145.93,142.57,13.32,-0.38%,0
2023/10/23,143.75,143.64,145.81,142.4,12.03,0.03%,1
2023/10/24,144.05,143.76,144.99,141.7,16.71,0.21%,1
2023/10/25,149.34,146.95,151,146.95,25.44,3.67%,1
2023/10/26,151.05,148,151.2,147.8,14.62,1.15%,1
2023/10/27,152.99,150.57,153.55,150.16,17.07,1.28%,1
2023/10/30,156.6,155.95,158.36,155,27.4,2.36%,1
2023/10/31,156,157.5,157.65,155.02,14.5,-0.38%,0
2023/11/1,160,166,167.28,160,46.93,2.56%,1
2023/11/2,157.9,160.08,160.96,157.73,16.51,-1.31%,0
2023/11/3,159.67,157.9,160,157.66,13.81,1.12%,1
2023/11/6,159.84,160.67,160.87,158.5,13.75,0.11%,1
2023/11/7,159.31,159.3,159.9,158,10.73,-0.33%,0
2023/11/8,158.63,158.5,159.78,157.57,12.65,-0.43%,0
2023/11/9,158.55,158,159.5,158,9.2,-0.05%,0
2023/11/10,156.9,157.5,158.28,156.5,8.96,-1.04%,0
2023/11/13,154.88,156.89,157.17,154.06,12.56,-1.29%,0
2023/11/14,155.9,155.88,157.89,155,11.3,0.66%,1
2023/11/15,157.25,157.81,158.14,156.7,10.18,0.87%,1
2023/11/16,156.37,157,157.7,156.13,7.04,-0.56%,0
2023/11/17,155,155.5,156.48,154.36,8.45,-0.88%,0
2023/11/20,154.4,154.99,155.94,153.6,11.49,-0.39%,0
2023/11/21,155.3,155,156.64,153.25,16.7,0.58%,1
2023/11/22,153.51,154.2,154.92,153.51,8.69,-1.15%,0
2023/11/23,153.07,153,153.45,151.85,9.46,-0.29%,0
2023/11/24,153.23,152.9,153.88,152.31,9.31,0.10%,1
2023/11/27,149.25,152.79,152.8,148.89,18.53,-2.60%,0
2023/11/28,148.75,149.29,150.08,147.65,13.91,-0.34%,0
2023/11/29,148.3,148.58,148.6,146.9,8.65,-0.30%,0
2023/11/30,149.15,148.17,149.39,148.01,10.68,0.57%,1
2023/12/1,147.21,149,149,146.01,13.43,-1.30%,0
2023/12/4,145.85,146.49,147.67,145.59,10.7,-0.92%,0
2023/12/5,142.67,145.5,145.83,142.24,15.04,-2.18%,0
2023/12/6,144.1,142.6,145.2,141.66,14.47,1.00%,1
2023/12/7,142.52,144.1,144.27,141.5,15.11,-1.10%,0
2023/12/8,142.93,142.52,144.3,142.22,14.48,0.29%,1
2023/12/11,139.2,139.6,140,136.56,32.31,-2.61%,0
2023/12/12,139.3,138,139.68,137.73,14.4,0.07%,1
2023/12/13,133.78,138.6,138.68,133.58,31.86,-3.96%,0
2023/12/14,132.65,135,135.98,132.65,21.44,-0.84%,0
2023/12/15,133.7,133.67,135.8,132.8,20.01,0.79%,1
2023/12/18,134,132.05,134.8,131.87,12.93,0.22%,1
2023/12/19,133.33,133.99,133.99,132.56,13.02,-0.50%,0
2023/12/20,132.13,133.85,133.93,132.1,10.63,-0.90%,0
2023/12/21,134.1,131.88,134.45,131.48,17.66,1.49%,1
2023/12/22,133.42,134.06,134.8,132.57,16.4,-0.51%,0
2023/12/25,134.55,133.32,134.57,132.95,9.86,0.85%,1
2023/12/26,134.32,134.55,134.55,133.61,7.37,-0.17%,0
2023/12/27,133.83,134.32,134.78,133.03,10.43,-0.36%,0
2023/12/28,140.1,133.83,141.14,133.55,33.61,4.69%,1
2023/12/29,140.31,140,141.64,139.29,19.45,0.15%,1
2024/1/2,136,140.3,140.3,135.8,21.53,-3.07%,0
2024/1/3,134.88,135.98,136.67,133.75,16.42,-0.82%,0
2024/1/4,132.32,134.88,134.9,132.01,17.88,-1.90%,0
2024/1/5,131.24,132,133.3,130.78,15.63,-0.82%,0
2024/1/8,128.1,131.01,131.14,128,21.02,-2.39%,0
2024/1/9,127.81,128.1,129.38,127.41,17.48,-0.23%,0
2024/1/10,128.8,127.81,129.58,126.01,16.53,0.77%,1
2024/1/11,129.62,128.7,130.5,127.22,15.65,0.64%,1
2024/1/12,128.75,128.88,130.12,128.1,11.92,-0.67%,0
2024/1/15,128.68,128,129.39,127.08,11.58,-0.05%,0
2024/1/16,128.41,127.92,129.28,126.93,12.53,-0.21%,0
2024/1/17,125.14,127.6,127.8,125.14,17.68,-2.55%,0
2024/1/18,127.9,124.8,128.13,123.19,23.59,2.21%,1
2024/1/19,128.89,127,129.51,126.12,22.5,0.77%,1
2024/1/22,127,128.4,129.15,125.8,21.34,-1.47%,0
2024/1/23,127.38,126.8,128.12,125.48,16.2,0.30%,1
2024/1/24,128.05,128.18,128.48,125.26,16.68,0.53%,1
2024/1/25,131.11,128,131.11,127.56,27.34,2.39%,1
2024/1/26,131,130.11,131.99,129.5,19.32,-0.08%,0
2024/1/29,131.78,131.09,133.67,131.09,21.61,0.60%,1
2024/1/30,127.71,130.8,130.9,127.58,17.07,-3.09%,0
2024/1/31,126.3,127.5,128.68,126.29,13.52,-1.10%,0
2024/2/1,126.5,125.74,127.72,125.14,13.79,0.16%,1
2024/2/2,123.82,126.5,128.65,122.56,21.09,-2.12%,0
2024/2/5,126.57,123.82,127.88,122.91,30.8,2.22%,1
2024/2/6,132.99,126,133,125.7,32.38,5.07%,1
2024/2/7,133.87,133.11,134.7,132.1,29.07,0.66%,1
2024/2/8,133.59,134.8,136.12,132.7,24.37,-0.21%,0
2024/2/19,136.15,138.9,138.95,134.78,28.86,1.92%,1
2024/2/20,134.38,136,137,133,21.18,-1.30%,0
2024/2/21,141.02,133.4,142.68,132.84,46.66,4.94%,1
2024/2/22,141.1,140.11,141.66,139.43,18.84,0.06%,1
2024/2/23,141.71,141.04,143.38,140.05,18.44,0.43%,1
2024/2/26,139.76,141.5,142.28,139.05,13.99,-1.38%,0
2024/2/27,139.76,139.01,139.8,138.05,15.06,0.00%,0
2024/2/28,139.53,139.76,141.4,138.77,19.62,-0.16%,0
2024/2/29,142.25,139,142.33,138.7,17.66,1.95%,1
2024/3/1,142.59,142.05,143.78,140.88,15.88,0.24%,1
2024/3/4,140.33,141.51,142.2,140.04,15.43,-1.58%,0
2024/3/5,141.59,139.98,141.88,139.33,16,0.90%,1
2024/3/6,139.06,141,141.3,138.51,17.65,-1.79%,0
2024/3/7,138.25,139.06,139.98,138.25,11.22,-0.58%,0
2024/3/8,138.42,138.06,139.13,136.66,12.25,0.12%,1
2024/3/11,141.16,138.35,141.29,138.02,19.36,1.98%,1
2024/3/12,148.31,141.17,149.3,141.17,45.08,5.07%,1
2024/3/13,147.76,147.5,149.18,147.14,17.91,-0.37%,0
2024/3/14,149.56,147.2,151,147.06,22.23,1.22%,1
2024/3/15,152.49,149,154.78,148.8,23.89,1.96%,1
2024/3/18,153.5,152.4,154.66,150.71,18.99,0.66%,1
2024/3/19,157.37,153.88,158.97,153.54,33.88,2.52%,1
2024/3/20,156.95,156.88,158.26,155.49,16.16,-0.27%,0
2024/3/21,156.61,156.9,158.54,155.65,13.64,-0.22%,0
2024/3/22,153.43,156.4,156.76,152.36,20.16,-2.03%,0
2024/3/25,151.72,152.51,152.9,150,16.17,-1.11%,0
2024/3/26,155.22,151.77,155.38,151.77,18.09,2.31%,1
2024/3/27,152.66,155,155.3,152.6,12.36,-1.65%,0
2024/3/28,153.1,152.66,155.34,152.05,14.42,0.29%,1
2024/3/29,153.51,153.1,155.02,152.56,8.83,0.27%,1
2024/4/1,157.28,154.5,158.56,154.5,17.73,2.46%,1
2024/4/2,155.5,157,157.18,154.86,11.41,-1.13%,0
2024/4/3,154.6,155.9,156.97,153.3,9.83,-0.58%,0
2024/4/8,147.29,152,152,147.05,27,-4.73%,0
2024/4/9,146.48,146.5,148.21,145.68,13.04,-0.55%,0
2024/4/10,143.12,146.2,146.5,142.14,17.17,-2.29%,0
2024/4/11,142.34,142.6,142.66,140.6,15.99,-0.54%,0
2024/4/12,140.49,142,143.45,140.1,13.41,-1.30%,0
2024/4/15,147.32,140.6,147.98,140.06,25.43,4.86%,1
2024/4/16,144.97,146.6,147.16,144.31,13.57,-1.60%,0
2024/4/17,145.3,144.53,145.54,143.8,13.7,0.23%,1
2024/4/18,144.98,144.07,146.78,143.3,15.25,-0.22%,0
2024/4/19,142.9,143.98,144.5,141.99,12.73,-1.43%,0
2024/4/22,144.56,142.9,146.48,142.9,14.04,1.16%,1
2024/4/23,147.03,144,147.49,143.97,17.17,1.71%,1
2024/4/24,148.98,147.93,149.2,146,14.23,1.33%,1
2024/4/25,148.98,148.5,149.35,147.02,10.08,0.00%,0
2024/4/26,152.25,149.2,152.7,149.2,17.95,2.19%,1
2024/4/29,151.75,151,156.56,150.01,27.54,-0.33%,0
2024/4/30,150.43,152.3,153.49,150.43,15.53,-0.87%,0
2024/5/6,155.01,153.44,158.33,153.4,31.68,3.04%,1
2024/5/7,155.94,155,156.42,153.55,14.55,0.60%,1
2024/5/8,155,155.98,156.32,154.35,10.11,-0.60%,0
2024/5/9,154.84,154.33,155.69,153.73,11.33,-0.10%,0
2024/5/10,154.43,155,155.89,152.8,10.25,-0.26%,0
2024/5/13,151.1,152.8,152.98,150.27,17.26,-2.16%,0
2024/5/14,151.34,151.1,151.85,150.03,11.35,0.16%,1
2024/5/15,151.37,151.33,151.83,150.5,7.84,0.02%,1
2024/5/16,154.05,151.7,155.08,150.71,14.94,1.77%,1
2024/5/17,156.41,154,156.43,153.21,16.18,1.53%,1
2024/5/20,157.3,156.4,159.8,156.4,19.37,0.57%,1
2024/5/21,156.54,156.8,157.18,155.09,8.8,-0.48%,0
2024/5/22,155.12,156.01,156.41,154.27,10.85,-0.91%,0
2024/5/23,153.6,155,155.97,153.32,8.99,-0.98%,0
2024/5/24,151.15,152.86,153.13,151,11.2,-1.60%,0
2024/5/27,151.58,151.14,152.3,150.58,10.16,0.28%,1
2024/5/28,150.03,151.6,151.94,150,10.39,-1.02%,0
2024/5/29,149.21,150.05,150.99,148.86,9.1,-0.55%,0
2024/5/30,146.26,148.95,148.95,145.91,16.11,-1.98%,0
2024/5/31,146.7,146.9,147.99,146.6,13.14,0.30%,1
2024/6/3,145.98,146.89,147.25,144.65,14.09,-0.49%,0
2024/6/4,147.78,145.98,148.1,145.5,10.3,1.23%,1
2024/6/5,145.76,147.72,148,145.65,11.11,-1.37%,0
2024/6/6,144.9,146.01,146.62,144.06,12.73,-0.59%,0
2024/6/7,142.34,145.5,145.55,141.9,15.87,-1.77%,0
2024/6/11,138.48,141.4,141.4,138,20.67,-2.71%,0
2024/6/12,137.9,138.1,139.83,137.55,15.45,-0.42%,0
2024/6/13,134.56,137.89,138.1,134.44,24.36,-2.42%,0
2024/6/14,135.68,134.2,135.7,132.09,28.72,0.83%,1
2024/6/17,135.73,134.4,136.16,131.3,24.63,0.04%,1
2024/6/18,133.89,135,137.34,133.42,20.3,-1.36%,0
2024/6/19,134.22,134.18,135.3,132.83,13.7,0.25%,1
2024/6/20,132.2,134.1,135.07,132.18,12.62,-1.50%,0
2024/6/21,130.2,132.01,132.86,128.8,21.39,-1.51%,0
2024/6/24,131.03,126.02,132.67,125.6,23.92,0.64%,1
2024/6/25,131.51,131.8,133.29,130.6,17.72,0.37%,1
2024/6/26,131.3,130.4,132.18,130.35,10.22,-0.16%,0
2024/6/27,129.65,131.33,131.37,128.72,12.26,-1.26%,0
2024/6/28,128.04,128.99,130.49,127.56,15.69,-1.24%,0
2024/7/1,128.3,128.2,129.16,126,15.43,0.20%,1
2024/7/2,131.56,127.7,132.68,127.5,24.75,2.54%,1
2024/7/3,131,131.56,132.7,130.1,12.43,-0.43%,0
2024/7/4,130.59,131,132.4,130.03,10.05,-0.31%,0
2024/7/5,128.95,130.59,131.97,128.14,13.94,-1.26%,0
2024/7/8,125.91,128.98,129.2,125.22,20.75,-2.36%,0
2024/7/9,127.07,125.91,128.2,125.18,19.54,0.92%,1
2024/7/10,126.54,126.5,128.46,126.18,15.46,-0.42%,0
2024/7/11,130.48,127.5,131.5,127.17,25.78,3.11%,1
2024/7/12,127.4,126.68,127.79,125.65,18.94,-2.36%,0
2024/7/15,127.5,127,129.36,126.58,11.97,0.08%,1
2024/7/16,127.48,126.73,128.1,125.8,15.47,-0.02%,0
2024/7/17,130.76,127,130.99,126.37,22.88,2.57%,1
2024/7/18,131.1,130.04,133,130.03,18.59,0.26%,1
2024/7/19,133.42,130.68,133.49,129.78,19.02,1.77%,1
2024/7/22,131.22,133.4,133.95,131,15.64,-1.65%,0
2024/7/23,126.8,131.01,131.51,126.8,19.76,-3.37%,0
2024/7/24,126.06,126.58,127.7,125.5,14.36,-0.58%,0
2024/7/25,125.78,125.1,126.66,125.1,11.81,-0.22%,0
2024/7/26,126.2,126,127.38,125.1,11.42,0.33%,1
2024/7/29,124.1,126,126.7,124.1,13.94,-1.66%,0
2024/7/30,123.29,123,124.3,121.48,20.73,-0.65%,0
2024/7/31,126.86,122.68,128.18,122.66,26.06,2.90%,1
2024/8/1,124,126.87,126.95,123.88,17.47,-2.25%,0
2024/8/2,123.7,123,124.52,122.88,9.95,-0.24%,0
2024/8/5,126,123.7,128,123.6,24.19,1.86%,1
2024/8/6,125.9,126.52,128,125.38,15.35,-0.08%,0
2024/8/7,127,126,127.58,125.3,13.26,0.87%,1
2024/8/8,128.35,126.48,129.67,125.95,20.01,1.06%,1
2024/8/9,128.08,129.5,130,127.74,15.85,-0.21%,0
2024/8/12,127.71,127.5,128.49,127.12,7.31,-0.29%,0
2024/8/13,125.6,127.59,127.96,125.12,12.45,-1.65%,0
2024/8/14,124.33,125.5,125.59,123.89,9.49,-1.01%,0
2024/8/15,124.95,124.02,126.15,123.86,11.16,0.50%,1
2024/8/16,125.01,124.5,125.37,123.58,9.73,0.05%,1
2024/8/19,123.95,125,127,123.9,13.88,-0.85%,0
2024/8/20,123.15,123.95,124,122.66,10.99,-0.65%,0
2024/8/21,122.2,122.8,123.14,122.1,9.71,-0.77%,0
2024/8/22,120.99,122.21,122.39,119.96,18.53,-0.99%,0
2024/8/23,121.11,120.6,122.1,120.52,8.9,0.10%,1
2024/8/26,118.12,120.98,121.87,118.04,20.4,-2.47%,0
2024/8/27,117.7,117.7,118.2,115.55,15.66,-0.36%,0
2024/8/28,114,117,117,112.92,24.73,-3.14%,0
2024/8/29,118.78,115.5,120.29,115.13,30.03,4.19%,1
2024/8/30,123.03,118,124.66,116.78,33.78,3.58%,1
2024/9/2,119,122,122.31,119,17.76,-3.28%,0
2024/9/3,120.32,119.08,121.47,119,12.8,1.11%,1
2024/9/4,119.11,119.33,120.8,119.03,8.47,-1.01%,0
2024/9/5,119.55,119.1,119.88,118.5,8.28,0.37%,1
2024/9/6,117.53,119.5,119.5,117.5,7.77,-1.69%,0
2024/9/9,116.22,116.9,117.49,115.52,11.16,-1.11%,0
2024/9/10,116.43,116.22,118.26,115.9,10.61,0.18%,1
2024/9/11,116.01,115.8,117.07,115,7.66,-0.36%,0
2024/9/12,113.36,116,116.38,113.36,16.98,-2.28%,0
2024/9/13,109.2,113.3,113.3,109.2,31.15,-3.67%,0
2024/9/18,107.69,108.25,109.57,107.21,17.76,-1.38%,0
2024/9/19,110.9,107.73,112.86,106.33,31.82,2.98%,1
2024/9/20,110.28,110.13,110.85,108.6,19.67,-0.56%,0
2024/9/23,112.29,110.91,113.79,110.4,20.37,1.82%,1
2024/9/24,120.36,114.9,120.4,113.51,47.35,7.19%,1
2024/9/25,122.1,123.6,125.62,121.88,41.72,1.45%,1
