,因子1,因子2
20、科研效能感量表—1.遵循研究伦理,0.3129622812558304,0.8119594988837068
20、2.检索和获取特定领域所需的参考文献,0.2385695207777376,0.6796193257672425
20、3.通过阅读文献，探寻可研究的问题和具体的研究方向,0.5292844981578656,0.724309795290287
20、4.有效地修改论文，直至逻辑合理、行文简洁,0.6414724799045676,0.5052108852640034
20、5.注意数据收集的细节，确保数据收集的可靠性,0.8108479013900297,0.37703712904444153
20、6.理解和解释数据结果,0.8167095135511978,0.18997102657403173
20、7.设计汇报和展示研究结果的方式,0.7692385513577993,0.4463789697953818
20、8.按照适当的专业格式和标准撰写稿件以供发表,0.7215874112088352,0.47486743633813105
20、9.发现并报告研究的局限性和未来可能的研究方向,0.7666334834308854,0.36809793153809667
